CREATE TABLE admin_audit_logs (
  id BIGINT GENERATED BY DEFAULT AS IDENTITY PRIMARY KEY,
  actor_user_id BIGINT NOT NULL REFERENCES users(id),
  action VARCHAR(100) NOT NULL,
  target_type VARCHAR(100) NOT NULL,
  target_id VARCHAR(120),
  metadata JSONB,
  created_at TIMESTAMPTZ NOT NULL DEFAULT now()
);

CREATE INDEX idx_admin_audit_logs_actor_user_id ON admin_audit_logs(actor_user_id);
CREATE INDEX idx_admin_audit_logs_target ON admin_audit_logs(target_type, target_id);
CREATE INDEX idx_admin_audit_logs_created_at ON admin_audit_logs(created_at);

INSERT INTO users (
  id,
  public_id,
  email,
  password_hash,
  name,
  role,
  terms_accepted_at,
  marketing_accepted_at,
  created_at
) VALUES
  (1, '00000000-0000-4000-8000-000000000001', 'admin@example.com', 'seed-admin-password-hash', 'BuildGraph Admin', 'ADMIN', '2026-06-29T09:00:00Z', NULL, '2026-06-29T09:00:00Z'),
  (2, '00000000-0000-4000-8000-000000001004', 'user@example.com', 'seed-user-password-hash', 'Demo User', 'USER', '2026-06-29T09:05:00Z', '2026-06-29T09:05:00Z', '2026-06-29T09:05:00Z');

INSERT INTO user_auth_providers (
  id,
  user_id,
  provider,
  provider_user_id,
  provider_email,
  email_verified,
  created_at
) VALUES
  (1, 2, 'GOOGLE', 'google-demo-user-1004', 'user@example.com', true, '2026-06-29T09:06:00Z');

INSERT INTO refresh_tokens (
  id,
  user_id,
  token_hash,
  expires_at,
  created_at
) VALUES
  (1, 1, 'seed-refresh-token-admin', '2026-07-29T09:00:00Z', '2026-06-29T09:00:00Z'),
  (2, 2, 'seed-refresh-token-user', '2026-07-29T09:05:00Z', '2026-06-29T09:05:00Z');

INSERT INTO parts (
  id,
  public_id,
  category,
  name,
  manufacturer,
  price,
  status,
  attributes,
  created_at
) VALUES
  (1001, '00000000-0000-4000-8000-000000010001', 'CPU', 'Ryzen 5 7600', 'AMD', 285000, 'ACTIVE', '{"socket":"AM5","wattage":65,"metadataVersion":1}', '2026-06-29T09:10:00Z'),
  (1002, '00000000-0000-4000-8000-000000010002', 'MOTHERBOARD', 'B650M WiFi DDR5', 'ASRock', 195000, 'ACTIVE', '{"socket":"AM5","chipset":"B650","memoryType":"DDR5","metadataVersion":1}', '2026-06-29T09:10:00Z'),
  (1003, '00000000-0000-4000-8000-000000010003', 'RAM', 'DDR5 32GB 5600MHz Kit', 'Samsung', 125000, 'ACTIVE', '{"capacityGb":32,"memoryType":"DDR5","metadataVersion":1}', '2026-06-29T09:10:00Z'),
  (1004, '00000000-0000-4000-8000-000000010004', 'GPU', 'GeForce RTX 4070 SUPER 12GB', 'NVIDIA Partner', 890000, 'ACTIVE', '{"wattage":220,"lengthMm":304,"vramGb":12,"metadataVersion":1}', '2026-06-29T09:10:00Z'),
  (1005, '00000000-0000-4000-8000-000000010005', 'STORAGE', 'NVMe Gen4 1TB SSD', 'SK hynix', 105000, 'ACTIVE', '{"interface":"M.2 NVMe","capacityGb":1000,"metadataVersion":1}', '2026-06-29T09:10:00Z'),
  (1006, '00000000-0000-4000-8000-000000010006', 'PSU', 'Gold 750W Modular PSU', 'SuperFlower', 118000, 'ACTIVE', '{"capacityW":750,"efficiency":"80PLUS_GOLD","metadataVersion":1}', '2026-06-29T09:10:00Z'),
  (1007, '00000000-0000-4000-8000-000000010007', 'CASE', 'Airflow Mid Tower Case', 'DarkFlash', 79000, 'ACTIVE', '{"maxGpuLengthMm":340,"formFactor":"mATX_ATX","metadataVersion":1}', '2026-06-29T09:10:00Z'),
  (1008, '00000000-0000-4000-8000-000000010008', 'COOLER', 'Tower Air Cooler 120mm', 'DeepCool', 45000, 'ACTIVE', '{"coolerType":"AIR","tdpW":180,"metadataVersion":1}', '2026-06-29T09:10:00Z');

INSERT INTO price_snapshots (
  id,
  part_id,
  price,
  source,
  collected_at,
  raw_payload
) VALUES
  (1, 1001, 285000, 'seed', '2026-06-29T09:20:00Z', '{"source":"seed","note":"initial catalog price"}'),
  (2, 1004, 890000, 'seed', '2026-06-29T09:20:00Z', '{"source":"seed","note":"initial catalog price"}'),
  (3, 1003, 125000, 'seed', '2026-06-29T09:20:00Z', '{"source":"seed","note":"initial catalog price"}');

INSERT INTO price_alerts (
  id,
  user_id,
  part_id,
  target_price,
  status,
  created_at
) VALUES
  (1, 2, 1004, 850000, 'ACTIVE', '2026-06-29T09:25:00Z');

INSERT INTO price_jobs (
  id,
  public_id,
  requested_by,
  status,
  started_at,
  finished_at,
  created_at
) VALUES
  (1, '00000000-0000-4000-8000-000000008001', 1, 'SUCCEEDED', '2026-06-29T09:30:00Z', '2026-06-29T09:30:30Z', '2026-06-29T09:30:00Z');

INSERT INTO compatibility_rules (
  id,
  rule_key,
  category,
  "condition",
  result_status,
  message,
  created_at
) VALUES
  (1, 'CPU_SOCKET_MATCH_AM5', 'CPU', '{"requires":{"socket":"AM5"},"target":"MOTHERBOARD"}', 'PASS', 'CPU socket must match motherboard socket.', '2026-06-29T09:35:00Z'),
  (2, 'GPU_CASE_LENGTH_MARGIN', 'GPU', '{"metric":"lengthMm","minimumMarginMm":20,"target":"CASE"}', 'WARN', 'GPU length should leave enough case clearance.', '2026-06-29T09:35:00Z'),
  (3, 'PSU_HEADROOM_RECOMMENDED', 'PSU', '{"headroomPercent":30,"target":"BUILD"}', 'PASS', 'Power supply should keep recommended headroom.', '2026-06-29T09:35:00Z');

INSERT INTO benchmark_summaries (
  id,
  part_id,
  benchmark_key,
  summary,
  score,
  metadata,
  created_at
) VALUES
  (1, 1001, 'RYZEN_7600_GAME_DEV_BASELINE', 'Balanced gaming and development CPU baseline.', 82.50, '{"usageTags":["GAMING","DEV"],"metadataVersion":1}', '2026-06-29T09:40:00Z'),
  (2, 1004, 'RTX_4070_SUPER_QHD_GAMING', 'Strong QHD gaming GPU baseline.', 91.20, '{"usageTags":["GAMING","AI_DEV"],"resolution":"QHD","metadataVersion":1}', '2026-06-29T09:40:00Z'),
  (3, 1003, 'DDR5_32GB_CREATOR_MINIMUM', '32GB RAM is a practical floor for editing and development.', 76.00, '{"usageTags":["VIDEO_EDIT","DEV"],"capacityGb":32,"metadataVersion":1}', '2026-06-29T09:40:00Z');

INSERT INTO requirements (
  id,
  public_id,
  user_id,
  raw_message,
  budget,
  usage_tags,
  parsed_context,
  created_at
) VALUES
  (2001, '00000000-0000-4000-8000-000000020001', 2, 'Need a QHD gaming and development PC around 1.8M KRW.', 1800000, ARRAY['GAMING','DEV'], '{"usageTags":["GAMING","DEV"],"budget":1800000,"preferredVendors":["NVIDIA"],"mustHave":["WIFI"],"questions":[{"key":"monitorResolution","answer":"QHD"}]}', '2026-06-29T10:00:00Z');

INSERT INTO builds (
  id,
  public_id,
  requirement_id,
  name,
  total_price,
  confidence,
  warnings,
  created_at
) VALUES
  (3001, '00000000-0000-4000-8000-000000002001', 2001, 'QHD Gaming Build', 1842000, 'HIGH', '[{"code":"OVER_BUDGET","message":"Build is 42000 KRW above the target budget.","severity":"WARN","relatedPartIds":["00000000-0000-4000-8000-000000010004"]}]', '2026-06-29T10:05:00Z'),
  (3002, '00000000-0000-4000-8000-000000002002', 2001, 'Budget Balanced Build', 1595000, 'MEDIUM', '[]', '2026-06-29T10:06:00Z');

INSERT INTO build_items (
  id,
  build_id,
  part_id,
  category,
  price,
  created_at
) VALUES
  (1, 3001, 1001, 'CPU', 285000, '2026-06-29T10:05:00Z'),
  (2, 3001, 1002, 'MOTHERBOARD', 195000, '2026-06-29T10:05:00Z'),
  (3, 3001, 1003, 'RAM', 125000, '2026-06-29T10:05:00Z'),
  (4, 3001, 1004, 'GPU', 890000, '2026-06-29T10:05:00Z'),
  (5, 3001, 1005, 'STORAGE', 105000, '2026-06-29T10:05:00Z'),
  (6, 3001, 1006, 'PSU', 118000, '2026-06-29T10:05:00Z'),
  (7, 3001, 1007, 'CASE', 79000, '2026-06-29T10:05:00Z'),
  (8, 3001, 1008, 'COOLER', 45000, '2026-06-29T10:05:00Z');

INSERT INTO agent_log_uploads (
  id,
  public_id,
  user_id,
  range_minutes,
  status,
  file_name,
  file_size,
  storage_path,
  summary,
  consent_accepted_at,
  delete_after,
  created_at
) VALUES
  (1, '00000000-0000-4000-8000-000000007001', 2, 30, 'UPLOADED', 'recent-30m.jsonl', 4096, 'seed/agent-logs/recent-30m.jsonl', 'Sample PC agent log upload for support flow.', '2026-06-29T10:40:00Z', '2026-07-29T10:40:00Z', '2026-06-29T10:40:00Z');

INSERT INTO as_tickets (
  id,
  public_id,
  user_id,
  log_upload_id,
  assigned_admin_id,
  symptom,
  status,
  cause_candidates,
  upgrade_candidates,
  admin_note,
  created_at,
  updated_at
) VALUES
  (1, '00000000-0000-4000-8000-000000006001', 2, 1, 1, 'Game frame drops after 20 minutes.', 'IN_PROGRESS', '[{"code":"GPU_THERMAL","label":"GPU thermal throttling candidate","confidence":"MEDIUM","evidenceIds":["00000000-0000-4000-8000-000000004003"]}]', '[{"category":"CASE","reason":"Improve airflow before upgrading GPU.","partIds":["00000000-0000-4000-8000-000000010007"],"estimatedPrice":79000}]', 'Seed ticket assigned for admin support screen.', '2026-06-29T10:45:00Z', '2026-06-29T10:50:00Z'),
  (2, '00000000-0000-4000-8000-000000006002', 2, NULL, NULL, 'Need help understanding recommended build warnings.', 'OPEN', '[]', '[]', NULL, '2026-06-29T11:00:00Z', NULL);

INSERT INTO agent_sessions (
  id,
  public_id,
  user_id,
  requirement_id,
  build_id,
  as_ticket_id,
  status,
  summary,
  state_timeline,
  created_at,
  updated_at
) VALUES
  (4001, '00000000-0000-4000-8000-000000003001', 2, 2001, 3001, NULL, 'SUMMARY_READY', 'Recommended a QHD gaming build with compatibility and price warnings.', '[{"from":null,"to":"QUEUED","at":"2026-06-29T10:01:00Z","actor":"USER","reason":"requirement submitted"},{"from":"QUEUED","to":"RUNNING","at":"2026-06-29T10:01:05Z","actor":"SYSTEM","reason":"agent run requested"},{"from":"RUNNING","to":"RAG_SEARCHED","at":"2026-06-29T10:01:10Z","actor":"SYSTEM","reason":"evidence retrieved"},{"from":"RAG_SEARCHED","to":"TOOLS_CALLED","at":"2026-06-29T10:01:20Z","actor":"SYSTEM","reason":"tools completed"},{"from":"TOOLS_CALLED","to":"SUMMARY_READY","at":"2026-06-29T10:01:30Z","actor":"SYSTEM","reason":"summary generated"}]', '2026-06-29T10:01:00Z', '2026-06-29T10:01:30Z'),
  (4002, '00000000-0000-4000-8000-000000003002', 2, NULL, NULL, 1, 'TOOLS_CALLED', 'Support analysis collected thermal and event log evidence.', '[{"from":null,"to":"QUEUED","at":"2026-06-29T10:46:00Z","actor":"USER","reason":"ticket created"},{"from":"QUEUED","to":"RUNNING","at":"2026-06-29T10:46:10Z","actor":"SYSTEM","reason":"support analysis started"},{"from":"RUNNING","to":"RAG_SEARCHED","at":"2026-06-29T10:46:20Z","actor":"SYSTEM","reason":"support evidence retrieved"},{"from":"RAG_SEARCHED","to":"TOOLS_CALLED","at":"2026-06-29T10:46:35Z","actor":"SYSTEM","reason":"log analysis tools completed"}]', '2026-06-29T10:46:00Z', '2026-06-29T10:46:35Z');

INSERT INTO tool_invocations (
  id,
  public_id,
  agent_session_id,
  tool_name,
  status,
  confidence,
  summary,
  request_payload,
  result_payload,
  latency_ms,
  created_at
) VALUES
  (1, '00000000-0000-4000-8000-000000005001', 4001, 'compatibility', 'PASS', 'HIGH', 'CPU, motherboard, memory, case, and GPU fit the selected build.', '{"toolName":"compatibility","buildId":"00000000-0000-4000-8000-000000002001","partIds":["00000000-0000-4000-8000-000000010001","00000000-0000-4000-8000-000000010002","00000000-0000-4000-8000-000000010003","00000000-0000-4000-8000-000000010004"],"context":{"category":"BUILD","usageTags":["GAMING","DEV"]}}', '{"status":"PASS","confidence":"HIGH","summary":"Core compatibility checks passed.","details":{"socketMatched":true,"memoryTypeMatched":true,"gpuLengthMarginMm":36}}', 42, '2026-06-29T10:01:20Z'),
  (2, '00000000-0000-4000-8000-000000005002', 4001, 'price', 'WARN', 'MEDIUM', 'Build is slightly above target budget.', '{"toolName":"price","buildId":"00000000-0000-4000-8000-000000002001","partIds":["00000000-0000-4000-8000-000000010004"],"context":{"budget":1800000}}', '{"status":"WARN","confidence":"MEDIUM","summary":"Build exceeds budget by 42000 KRW.","details":{"budget":1800000,"totalPrice":1842000,"delta":42000}}', 31, '2026-06-29T10:01:21Z'),
  (3, '00000000-0000-4000-8000-000000005003', 4002, 'performance', 'WARN', 'MEDIUM', 'Thermal throttling candidate found from support log summary.', '{"toolName":"performance","partIds":["00000000-0000-4000-8000-000000010004"],"context":{"ticketId":"00000000-0000-4000-8000-000000006001","logUploadId":"00000000-0000-4000-8000-000000007001"}}', '{"status":"WARN","confidence":"MEDIUM","summary":"GPU temperature and frame time spikes align with throttling candidate.","details":{"maxGpuTempC":94,"avgFrameTimeMs":41.2}}', 55, '2026-06-29T10:46:35Z');

INSERT INTO rag_evidence (
  id,
  public_id,
  agent_session_id,
  source_id,
  chunk_text,
  summary,
  score,
  metadata,
  created_at
) VALUES
  (1, '00000000-0000-4000-8000-000000004001', 4001, 'internal-rule-qhd-gaming-001', 'QHD gaming builds should prioritize GPU performance and keep CPU/GPU balance.', 'QHD gaming guidance used for build recommendation.', 0.92000, '{"sourceType":"INTERNAL_RULE","title":"QHD gaming build guide","chunkIndex":1,"retrievedAt":"2026-06-29T10:01:10Z"}', '2026-06-29T10:01:10Z'),
  (2, '00000000-0000-4000-8000-000000004002', 4001, 'part-spec-rtx4070super-001', 'RTX 4070 SUPER class GPUs are suitable for QHD high refresh gaming workloads.', 'GPU class evidence for recommended build.', 0.88000, '{"sourceType":"PART_SPEC","title":"RTX 4070 SUPER class summary","chunkIndex":2,"retrievedAt":"2026-06-29T10:01:12Z"}', '2026-06-29T10:01:12Z'),
  (3, '00000000-0000-4000-8000-000000004003', 4002, 'support-guide-gpu-thermal-001', 'Sustained high GPU temperature with frame time spikes can indicate thermal throttling.', 'Thermal troubleshooting evidence for support ticket.', 0.84000, '{"sourceType":"GUIDE","title":"GPU thermal troubleshooting","chunkIndex":1,"retrievedAt":"2026-06-29T10:46:20Z"}', '2026-06-29T10:46:20Z');

INSERT INTO admin_audit_logs (
  id,
  actor_user_id,
  action,
  target_type,
  target_id,
  metadata,
  created_at
) VALUES
  (1, 1, 'PRICE_JOB_RUN', 'PRICE_JOB', '00000000-0000-4000-8000-000000008001', '{"requestId":"seed-req-price-001","targetPublicId":"00000000-0000-4000-8000-000000008001"}', '2026-06-29T09:30:00Z'),
  (2, 1, 'AS_TICKET_ASSIGNED', 'AS_TICKET', '00000000-0000-4000-8000-000000006001', '{"requestId":"seed-req-ticket-001","beforeStatus":"OPEN","afterStatus":"IN_PROGRESS","targetPublicId":"00000000-0000-4000-8000-000000006001"}', '2026-06-29T10:50:00Z'),
  (3, 1, 'AGENT_SESSION_VIEWED', 'AGENT_SESSION', '00000000-0000-4000-8000-000000003001', '{"requestId":"seed-req-agent-001","targetPublicId":"00000000-0000-4000-8000-000000003001"}', '2026-06-29T11:05:00Z');

SELECT setval(pg_get_serial_sequence('users', 'id'), (SELECT max(id) FROM users));
SELECT setval(pg_get_serial_sequence('user_auth_providers', 'id'), (SELECT max(id) FROM user_auth_providers));
SELECT setval(pg_get_serial_sequence('refresh_tokens', 'id'), (SELECT max(id) FROM refresh_tokens));
SELECT setval(pg_get_serial_sequence('parts', 'id'), (SELECT max(id) FROM parts));
SELECT setval(pg_get_serial_sequence('price_snapshots', 'id'), (SELECT max(id) FROM price_snapshots));
SELECT setval(pg_get_serial_sequence('price_alerts', 'id'), (SELECT max(id) FROM price_alerts));
SELECT setval(pg_get_serial_sequence('price_jobs', 'id'), (SELECT max(id) FROM price_jobs));
SELECT setval(pg_get_serial_sequence('compatibility_rules', 'id'), (SELECT max(id) FROM compatibility_rules));
SELECT setval(pg_get_serial_sequence('benchmark_summaries', 'id'), (SELECT max(id) FROM benchmark_summaries));
SELECT setval(pg_get_serial_sequence('requirements', 'id'), (SELECT max(id) FROM requirements));
SELECT setval(pg_get_serial_sequence('builds', 'id'), (SELECT max(id) FROM builds));
SELECT setval(pg_get_serial_sequence('build_items', 'id'), (SELECT max(id) FROM build_items));
SELECT setval(pg_get_serial_sequence('agent_log_uploads', 'id'), (SELECT max(id) FROM agent_log_uploads));
SELECT setval(pg_get_serial_sequence('as_tickets', 'id'), (SELECT max(id) FROM as_tickets));
SELECT setval(pg_get_serial_sequence('agent_sessions', 'id'), (SELECT max(id) FROM agent_sessions));
SELECT setval(pg_get_serial_sequence('tool_invocations', 'id'), (SELECT max(id) FROM tool_invocations));
SELECT setval(pg_get_serial_sequence('rag_evidence', 'id'), (SELECT max(id) FROM rag_evidence));
SELECT setval(pg_get_serial_sequence('admin_audit_logs', 'id'), (SELECT max(id) FROM admin_audit_logs));
